image,individual_id
000a8f2d5c316a.jpg,b9907151f66e
001001f099519f.jpg,19fbb960f07d
00144776eb476d.jpg,b9907151f66e
0024057bbc89a4.jpg,114207cab555
0028f6fa123686.jpg,956562ff2888
0039599b58fc80.jpg,e69d5f9f8d1e
0046ceef89b3fc.jpg,37c7aba965a5
0049b56a584eb1.jpg,e69d5f9f8d1e
004a923b0b401e.jpg,ce6e37904aa4
005e53b1b6aada.jpg,37c7aba965a5
00621ef445e09f.jpg,f195c38bcf17
00d0f38d99c221.jpg,4b8534134eb8
00e130666ba6e6.jpg,938b7e931166
00f0f055d749fa.jpg,208b91b1ca2b
00fb7dd2e41765.jpg,02da0e68dccd
0106d276033b78.jpg,37c7aba965a5
01492ef72f6b48.jpg,9e89f8e28807
014ba64e8ce8ec.jpg,37c7aba965a5
01637f0b588ed8.jpg,37c7aba965a5
0164d8fd7a7cfe.jpg,19fbb960f07d
019e943e277f9d.jpg,37c7aba965a5
01de8ec0729b75.jpg,208b91b1ca2b
01e290442ac7b2.jpg,c27db73f0e3b
01e775c518a824.jpg,19fbb960f07d
0202499d0f213c.jpg,281504409737
020dd63f06e595.jpg,208b91b1ca2b
02230215614250.jpg,281504409737
02271957ede4ce.jpg,e69d5f9f8d1e
02278d7a7d207e.jpg,19fbb960f07d
02740665e67443.jpg,37c7aba965a5
0277efcf4294b9.jpg,37c7aba965a5
028fafcac0a36c.jpg,37c7aba965a5
02a6ca2bcd1b46.jpg,4b8534134eb8
02b5705d2cece6.jpg,f195c38bcf17
02c65e19bbbde6.jpg,b9907151f66e
02ce3314273145.jpg,bc1eb2241633
02d21d4df0b87f.jpg,19fbb960f07d
02fba64eea16d7.jpg,114207cab555
032ba126b3ab1b.jpg,37c7aba965a5
035034579ba180.jpg,02da0e68dccd
035467569a7b17.jpg,9e89f8e28807
03551d87dab4b9.jpg,e69d5f9f8d1e
03582233d02558.jpg,e69d5f9f8d1e
0359a0cc8c100d.jpg,e69d5f9f8d1e
0369c4c0e79846.jpg,281504409737
0379869314b981.jpg,c27db73f0e3b
038684f1f08a33.jpg,ffbb4e585ff2
039570ba60ddd0.jpg,c995c043c353
039bbc9a4c16f8.jpg,37c7aba965a5
039cb8177db8cb.jpg,c27db73f0e3b
03aa0dcfb954f4.jpg,600ab1de92d9
03b2398fef7488.jpg,a6e325d8e924
03c6d0e1c50dfa.jpg,e69d5f9f8d1e
03defec7c2af42.jpg,37c7aba965a5
03e68b5c8a6b54.jpg,f195c38bcf17
03ff5556ff2c41.jpg,208b91b1ca2b
044b25775bf4f9.jpg,bc1eb2241633
0465ece7c0e228.jpg,956562ff2888
047a9e48169042.jpg,f195c38bcf17
0491452500111c.jpg,114207cab555
04ada245253274.jpg,938b7e931166
04b4482bf7e4f3.jpg,ce6e37904aa4
04b8304f6c58c3.jpg,c27db73f0e3b
04c112276f68b7.jpg,114207cab555
04febc68d13ce5.jpg,208b91b1ca2b
0511c06fca094a.jpg,956562ff2888
05283da1485dbb.jpg,b9907151f66e
052972d7697f06.jpg,600ab1de92d9
052d3036a39cc5.jpg,4b8534134eb8
05413033ece042.jpg,281504409737
0547f2da7aef2b.jpg,ffbb4e585ff2
05503531698510.jpg,ffbb4e585ff2
0567cae2a3fac7.jpg,37c7aba965a5
05c8a742adeb62.jpg,114207cab555
05d24613cd58bc.jpg,b9907151f66e
0600fb6181c30d.jpg,600ab1de92d9
0603320d6a9d8e.jpg,02da0e68dccd
06088dc1f9d741.jpg,9e89f8e28807
0618e60a7082ec.jpg,600ab1de92d9
062d0e2bdefda3.jpg,938b7e931166
063616b975dca7.jpg,e69d5f9f8d1e
063d3c9598f3d9.jpg,bc1eb2241633
063fae73dfc2cf.jpg,f195c38bcf17
06499b857a1535.jpg,02da0e68dccd
06574c01e921cb.jpg,e69d5f9f8d1e
068167f0b819f6.jpg,f195c38bcf17
069ccc321d6a89.jpg,37c7aba965a5
07033d9189c6d3.jpg,a6e325d8e924
070f0dc38c0fd6.jpg,938b7e931166
0716e85fbc9d69.jpg,f195c38bcf17
076cf05ac93dcc.jpg,02da0e68dccd
0773c8670d7045.jpg,4b8534134eb8
07798006a17b41.jpg,19fbb960f07d
07f7a2ba26c3c8.jpg,ce6e37904aa4
080e51215633e0.jpg,37c7aba965a5
081bd76db9de0c.jpg,ffbb4e585ff2
081c8d8b7130cf.jpg,37c7aba965a5
082924b2fb8da7.jpg,f195c38bcf17
084c89cbcf674b.jpg,e69d5f9f8d1e
0858bf945caf9d.jpg,37c7aba965a5
0859d722cd3db7.jpg,114207cab555
086d5ab69a59ac.jpg,f195c38bcf17
08773134f9cf72.jpg,37c7aba965a5
0877b1f69a65a1.jpg,938b7e931166
0887f13f65565d.jpg,9e89f8e28807
089931dd10364e.jpg,9e89f8e28807
08a489e2e2bca3.jpg,ce6e37904aa4
08a8f393e99633.jpg,37c7aba965a5
08bdef2941df25.jpg,c27db73f0e3b
08c09f35a41ac4.jpg,ce6e37904aa4
08c0af3749e4f0.jpg,c995c043c353
08d0c3ae7cd40d.jpg,b9907151f66e
08d62eda10685d.jpg,9e89f8e28807
08db1d61374b0d.jpg,9e89f8e28807
08e5fb588666ad.jpg,ffbb4e585ff2
090effd388b77d.jpg,37c7aba965a5
091c0e006aa3b8.jpg,4b8534134eb8
0928c622390a5a.jpg,9e89f8e28807
0955f80488dd7c.jpg,19fbb960f07d
096078269e5d6c.jpg,a6e325d8e924
096fad1055974a.jpg,b9907151f66e
0975c65602e73e.jpg,c27db73f0e3b
0983f3d1705e17.jpg,ce6e37904aa4
098773793ab487.jpg,02da0e68dccd
0987cecae1e014.jpg,37c7aba965a5
09883240d1aa8f.jpg,114207cab555
098c074cef6ffd.jpg,37c7aba965a5
099d17d154169c.jpg,a6e325d8e924
09aef98ac6b15f.jpg,02da0e68dccd
09c31660c97b44.jpg,e69d5f9f8d1e
09c58b5fc1fd31.jpg,b9907151f66e
09d0868b070c9a.jpg,9e89f8e28807
09d9cbb9ac03a5.jpg,9e89f8e28807
09e3ca82358644.jpg,ce6e37904aa4
09e5b4b15fe840.jpg,114207cab555
09eadcf6e32a8b.jpg,9e89f8e28807
0a46cba4ac5c5f.jpg,600ab1de92d9
0a625a87b556d4.jpg,a6e325d8e924
0a7a8f558c14a1.jpg,ffbb4e585ff2
0a805ece4fe6af.jpg,02da0e68dccd
0a8f106c67cbec.jpg,114207cab555
0aa9782e4b6e89.jpg,37c7aba965a5
0b079e2c876206.jpg,f195c38bcf17
0b1789a6eb02b2.jpg,e69d5f9f8d1e
0b259aea348667.jpg,ffbb4e585ff2
0b55ab42f18bab.jpg,114207cab555
0b7eae1a3c969f.jpg,a6e325d8e924
0b84e4c05bb67a.jpg,ce6e37904aa4
0b9da42739c7cc.jpg,e69d5f9f8d1e
0ba6ee0da0ceb9.jpg,19fbb960f07d
0bf45a9fc1a6b1.jpg,4b8534134eb8
0bf77f7b9692b8.jpg,bc1eb2241633
0bf79ed2e5b51c.jpg,956562ff2888
0bf8587c8a5c5e.jpg,b9907151f66e
0c03ee908d099a.jpg,600ab1de92d9
0c049cde033f26.jpg,c27db73f0e3b
0c05806877dbea.jpg,f195c38bcf17
0c142ed89b79aa.jpg,bc1eb2241633
0c354449aa4dc5.jpg,e69d5f9f8d1e
0c50d9c7768f00.jpg,19fbb960f07d
0c557e21fc0868.jpg,e69d5f9f8d1e
0c6db8f4219d3f.jpg,ce6e37904aa4
0c7030269a7d12.jpg,19fbb960f07d
0c94dece7e6988.jpg,b9907151f66e
0c9feed7194fb8.jpg,208b91b1ca2b
0ca9bf17779e4e.jpg,e69d5f9f8d1e
0cd317170a7f54.jpg,ce6e37904aa4
0cdf29c632eed5.jpg,37c7aba965a5
0ce4836e0ba232.jpg,bc1eb2241633
0ceab7a75b6182.jpg,9e89f8e28807
0cf1ee5614e08e.jpg,114207cab555
0cff3be87a5288.jpg,a6e325d8e924
0d03aa62b737d4.jpg,4b8534134eb8
0d0825b2d22330.jpg,a6e325d8e924
0d19a290ff70b5.jpg,ffbb4e585ff2
0d5fc0f01895f5.jpg,281504409737
0d60532b5aa37c.jpg,ffbb4e585ff2
0d7b411cf71d07.jpg,f195c38bcf17
0d8517b62a9bea.jpg,208b91b1ca2b
0d889f7560946d.jpg,37c7aba965a5
0d91e92c300ca5.jpg,37c7aba965a5
0d92fe1554ff3c.jpg,114207cab555
0d986004481c0f.jpg,37c7aba965a5
0da6267f7f948b.jpg,ce6e37904aa4
0dbafcc559bde3.jpg,37c7aba965a5
0dd16f4d76269e.jpg,bc1eb2241633
0df07df043c44a.jpg,938b7e931166
0e0581f31e01a1.jpg,114207cab555
0e1053d4fb2e02.jpg,9e89f8e28807
0e1e5ad48f95bf.jpg,c27db73f0e3b
0e3576a73e514e.jpg,ce6e37904aa4
0e499f81c6402f.jpg,938b7e931166
0e5350757a0da5.jpg,208b91b1ca2b
0e6856d2771be7.jpg,a6e325d8e924
0e79ce76c94c88.jpg,208b91b1ca2b
0e8dd58c8001aa.jpg,114207cab555
0ea7a93c2b1c4d.jpg,ffbb4e585ff2
0ec9f8c560a30e.jpg,a6e325d8e924
0ef3cd3c2c3c58.jpg,c995c043c353
0f1c1bd677e196.jpg,37c7aba965a5
0f2ed45e081953.jpg,02da0e68dccd
0f87f4bc8db634.jpg,600ab1de92d9
0f89254b6a1f68.jpg,19fbb960f07d
0fa6f7f9ef2980.jpg,02da0e68dccd
100a399325e77c.jpg,19fbb960f07d
100b5b7b2cd949.jpg,ce6e37904aa4
1028aace91d433.jpg,37c7aba965a5
10a146202d0539.jpg,37c7aba965a5
10a31db283c42c.jpg,208b91b1ca2b
10a41487849f97.jpg,281504409737
10a5e82db5ad80.jpg,e69d5f9f8d1e
10ad5ccc9f6074.jpg,02da0e68dccd
10b11b3fe7cdef.jpg,938b7e931166
10b882519a66db.jpg,19fbb960f07d
10e69490f62bf2.jpg,9e89f8e28807
1106e0ad8135f4.jpg,19fbb960f07d
110d1c5c81f3bd.jpg,f195c38bcf17
11128985d5656f.jpg,ce6e37904aa4
1116a1bef172fc.jpg,37c7aba965a5
1148bd284069c7.jpg,19fbb960f07d
115ce290480a74.jpg,c27db73f0e3b
11617799af6c1f.jpg,ce6e37904aa4
11aa378326203f.jpg,c27db73f0e3b
11b3e5c10b7355.jpg,9e89f8e28807
11f07b170bce7d.jpg,600ab1de92d9
12301fc9c87164.jpg,19fbb960f07d
1245788c6d2dcd.jpg,37c7aba965a5
1275b97b57bc2f.jpg,ffbb4e585ff2
12806f08eaa6cc.jpg,956562ff2888
1287089c50aabe.jpg,114207cab555
128fdef155324e.jpg,938b7e931166
1294f046fbe3e3.jpg,bc1eb2241633
12c17407f9abed.jpg,02da0e68dccd
12c44e9775ba0b.jpg,a6e325d8e924
12c59b94623dc0.jpg,114207cab555
12cc4e358c1ab0.jpg,4b8534134eb8
12cd8db920ae12.jpg,02da0e68dccd
12d1981b81dda3.jpg,37c7aba965a5
12d2c9d5dcc60e.jpg,114207cab555
12f40f58fdf5dd.jpg,bc1eb2241633
131e834805ef55.jpg,600ab1de92d9
1334f1b675fd6f.jpg,bc1eb2241633
1337bc38d1ca48.jpg,bc1eb2241633
133e140babfae9.jpg,a6e325d8e924
135222f4d42506.jpg,e69d5f9f8d1e
1377baca8d640d.jpg,b9907151f66e
13892eec6c9140.jpg,281504409737
13b755751aec84.jpg,02da0e68dccd
13e0d6a464f1c8.jpg,ffbb4e585ff2
13e784fd3e8906.jpg,281504409737
13fe4406dcb18a.jpg,c27db73f0e3b
141b89c90f14cd.jpg,19fbb960f07d
14277007c92f3c.jpg,956562ff2888
142bdb5ff2bfc7.jpg,02da0e68dccd
1437f8266a944e.jpg,c995c043c353
14407eb33e4b1b.jpg,e69d5f9f8d1e
14683a922ed100.jpg,600ab1de92d9
148211449ef404.jpg,c27db73f0e3b
14a9b0ae8690a8.jpg,938b7e931166
14ac527713922c.jpg,37c7aba965a5
14b35d2b2f960f.jpg,281504409737
14c67c473baaa4.jpg,208b91b1ca2b
1502a0fdd7f44c.jpg,281504409737
1502ac8379a48f.jpg,ffbb4e585ff2
15036b8bf560c8.jpg,938b7e931166
150a30d74a5e34.jpg,c995c043c353
15266248222a9a.jpg,e69d5f9f8d1e
152826a510d0ff.jpg,938b7e931166
152a28a53ba0d8.jpg,37c7aba965a5
1538080cbf43a0.jpg,281504409737
154b80dd7fb71d.jpg,b9907151f66e
156c023b965692.jpg,c995c043c353
15884918102c40.jpg,37c7aba965a5
15ab10e1fc1d77.jpg,ffbb4e585ff2
15b5185e14514c.jpg,600ab1de92d9
15c1e1a2658093.jpg,02da0e68dccd
15c30ed8ee2699.jpg,9e89f8e28807
15d59ff5821aa9.jpg,b9907151f66e
1627790e153147.jpg,4b8534134eb8
166297bb9955cd.jpg,a6e325d8e924
16640da24348ab.jpg,37c7aba965a5
166f01b5f6b2d5.jpg,37c7aba965a5
167c0ef6b572e6.jpg,ffbb4e585ff2
168f2c7efa3767.jpg,ce6e37904aa4
169ba904d82283.jpg,02da0e68dccd
16c8078bbcc69b.jpg,ffbb4e585ff2
171187a4e28208.jpg,ffbb4e585ff2
173720200b6394.jpg,a6e325d8e924
173af1890f51b9.jpg,281504409737
173d2cc2a45a23.jpg,114207cab555
1746dac91890b5.jpg,37c7aba965a5
174fc984082b6b.jpg,a6e325d8e924
176e98d361ac40.jpg,37c7aba965a5
17a472094694a6.jpg,281504409737
17ad313a992def.jpg,c995c043c353
17ba5c5e1d5ec8.jpg,37c7aba965a5
17ba83f812f91b.jpg,37c7aba965a5
17bf24698d512d.jpg,bc1eb2241633
17c3abc62618ea.jpg,c995c043c353
17d7abd20870ff.jpg,e69d5f9f8d1e
1806cbac0ddb18.jpg,9e89f8e28807
18129b110dba7f.jpg,c27db73f0e3b
18131a339e87ef.jpg,938b7e931166
18316f116f7bfc.jpg,02da0e68dccd
186d06a5d9d582.jpg,f195c38bcf17
188aa774e2deff.jpg,a6e325d8e924
188bb169621072.jpg,c27db73f0e3b
18ca6e8894ed0f.jpg,bc1eb2241633
18ed53b1d002e2.jpg,a6e325d8e924
190c825271069a.jpg,a6e325d8e924
1964cf33f5fb76.jpg,956562ff2888
197d5b53ef1239.jpg,4b8534134eb8
19d457df19df44.jpg,a6e325d8e924
19d74476736b24.jpg,37c7aba965a5
19e97e679d1a88.jpg,37c7aba965a5
19fe444df2fc3b.jpg,02da0e68dccd
1a0107195ec02c.jpg,37c7aba965a5
1a0e9876333b2b.jpg,b9907151f66e
1a166b231d5175.jpg,37c7aba965a5
1a1df3fbb15be2.jpg,938b7e931166
1a22754c47b0e5.jpg,a6e325d8e924
1a30f5ef1f8fb0.jpg,c995c043c353
1a409cc0a73a54.jpg,938b7e931166
1a58759f3cac72.jpg,ffbb4e585ff2
1a63e56bb4de0d.jpg,600ab1de92d9
1aa220f92ae79b.jpg,02da0e68dccd
1aa4d7eed49ed4.jpg,b9907151f66e
1aacf6e21811e6.jpg,ffbb4e585ff2
1ab8407d4d6ba7.jpg,b9907151f66e
1abea3575010c5.jpg,c27db73f0e3b
1add23e70a883a.jpg,f195c38bcf17
1b02a1beee91f4.jpg,a6e325d8e924
1b10a6b31c5495.jpg,02da0e68dccd
1b127b5870cb7a.jpg,c995c043c353
1b1d4d8c79977c.jpg,c995c043c353
1b384628e1736e.jpg,19fbb960f07d
1b613adc4dd1c5.jpg,37c7aba965a5
1b6f707bdf48fb.jpg,938b7e931166
1b728459d17a6b.jpg,19fbb960f07d
1b8df01fce5fab.jpg,938b7e931166
1bc7fa191fa715.jpg,19fbb960f07d
1bcc5dc227c10a.jpg,c995c043c353
1bd0f55bf3d9f9.jpg,208b91b1ca2b
1bd122a955eef1.jpg,02da0e68dccd
1bdf24576f9d15.jpg,a6e325d8e924
1c1e2c9b60ad38.jpg,9e89f8e28807
1c5ed8c40e9aad.jpg,c27db73f0e3b
1c78097a597442.jpg,b9907151f66e
1c7925d2605dd3.jpg,114207cab555
1c7b0a1e07855f.jpg,938b7e931166
1c865b63a99316.jpg,4b8534134eb8
1c919ad2281f04.jpg,938b7e931166
1c9a847e55caf1.jpg,9e89f8e28807
1cb67b8e6b13e1.jpg,a6e325d8e924
1d1fc41471074a.jpg,c27db73f0e3b
1d4f8b28c199e1.jpg,b9907151f66e
1d656ce7e2fa26.jpg,938b7e931166
1d7dc293c2f263.jpg,ffbb4e585ff2
1d8533fcfce73c.jpg,19fbb960f07d
1d8e7f6076c294.jpg,4b8534134eb8
1da2cf0e84ba2c.jpg,e69d5f9f8d1e
1db86a2efe52f8.jpg,19fbb960f07d
1dc0488ad785de.jpg,114207cab555
1dcaf1ca56700a.jpg,02da0e68dccd
1e009f9230af66.jpg,956562ff2888
1e02560fcd9aa2.jpg,a6e325d8e924
1e07e1c740b690.jpg,a6e325d8e924
1e084868ff1af5.jpg,956562ff2888
1e344e4ffe6cba.jpg,ffbb4e585ff2
1e3f4f783cf3ab.jpg,f195c38bcf17
1e41555a119452.jpg,938b7e931166
1e43408c13d0dd.jpg,19fbb960f07d
1e504e88ace138.jpg,ce6e37904aa4
1e5d4e3cb669c9.jpg,b9907151f66e
1e5e3ace023f99.jpg,9e89f8e28807
1e6cd302ebc487.jpg,a6e325d8e924
1ec7719acb6003.jpg,a6e325d8e924
1ee94b85c74666.jpg,ce6e37904aa4
1efb77297e836f.jpg,b9907151f66e
1f37dd767ff0f1.jpg,9e89f8e28807
1f428c3845ae55.jpg,19fbb960f07d
1f57c9c0979eb3.jpg,f195c38bcf17
1f6ef327c30ea1.jpg,ffbb4e585ff2
1f704a778ec537.jpg,956562ff2888
1fc9fed590799e.jpg,a6e325d8e924
2007d07dc6a009.jpg,c27db73f0e3b
2009d785a340da.jpg,e69d5f9f8d1e
201ec31e70f850.jpg,ffbb4e585ff2
20213b8f986e8f.jpg,c27db73f0e3b
2024544ad92a9d.jpg,19fbb960f07d
20316f0b0cc2c1.jpg,281504409737
203b4ee9a69007.jpg,9e89f8e28807
204295773a5e4d.jpg,02da0e68dccd
205a0eebcf423c.jpg,e69d5f9f8d1e
205a383d879ee6.jpg,02da0e68dccd
205c91fc213496.jpg,37c7aba965a5
207dfcf97d7b7e.jpg,b9907151f66e
20ac3498cff7de.jpg,b9907151f66e
20c73dfe35cba8.jpg,e69d5f9f8d1e
20d4e57107b46f.jpg,281504409737
20ffb836d00ffe.jpg,a6e325d8e924
2112e602eef034.jpg,9e89f8e28807
21215523655ed9.jpg,a6e325d8e924
21407841eaf3c9.jpg,bc1eb2241633
2157aca7a4826d.jpg,c995c043c353
215a4e55314537.jpg,9e89f8e28807
215be868121f72.jpg,f195c38bcf17
2166413a5f8cc4.jpg,4b8534134eb8
216758088f066b.jpg,c995c043c353
2169a83e915fee.jpg,37c7aba965a5
216d7d2023f17f.jpg,c27db73f0e3b
21821705a2e12a.jpg,c27db73f0e3b
21b3fb39769af9.jpg,b9907151f66e
21ced64aaf2ed0.jpg,c27db73f0e3b
21f52267699f33.jpg,4b8534134eb8
222ce44f9e1417.jpg,956562ff2888
2232ee96eff90c.jpg,f195c38bcf17
22383da42effde.jpg,f195c38bcf17
2245b927706f62.jpg,4b8534134eb8
2248efca009cc1.jpg,600ab1de92d9
225af8076b7fd8.jpg,9e89f8e28807
22a32761163cba.jpg,4b8534134eb8
22b2daa3a9dd3b.jpg,956562ff2888
22cb06fb91e339.jpg,f195c38bcf17
22d1fb63bf7e8a.jpg,f195c38bcf17
22d7b1fb889b97.jpg,b9907151f66e
22e06dcffb2561.jpg,208b91b1ca2b
23117d1be5f3df.jpg,19fbb960f07d
233bfa03fb5f0a.jpg,600ab1de92d9
234d635c29ccd4.jpg,208b91b1ca2b
23b76dbdf877cb.jpg,600ab1de92d9
23d42e4d95ec52.jpg,a6e325d8e924
23df57890bfe31.jpg,c995c043c353
23e6ea5b5ab74b.jpg,f195c38bcf17
242024b0766c43.jpg,a6e325d8e924
242e2eea5acc4f.jpg,600ab1de92d9
243fd92d7f6099.jpg,b9907151f66e
24602aab5f5651.jpg,e69d5f9f8d1e
2481f8b7176173.jpg,208b91b1ca2b
2483edb2235f24.jpg,f195c38bcf17
248c979fd476c1.jpg,938b7e931166
249004a2b683af.jpg,b9907151f66e
24b2001d1f0084.jpg,19fbb960f07d
24cbb326ca4e1f.jpg,e69d5f9f8d1e
24cea3f0ab9761.jpg,c995c043c353
24d7aa8cac9609.jpg,f195c38bcf17
25081b994fcc0e.jpg,b9907151f66e
252ebce56058e3.jpg,f195c38bcf17
252f44b470addf.jpg,f195c38bcf17
25352643ed4f6a.jpg,a6e325d8e924
255d92e4c8c1d5.jpg,b9907151f66e
25b57419de558a.jpg,19fbb960f07d
25ed38aa3f7736.jpg,02da0e68dccd
25f742d0d2cbb2.jpg,9e89f8e28807
2637acaf839acf.jpg,bc1eb2241633
2645b49850250a.jpg,281504409737
26c658afba72cb.jpg,e69d5f9f8d1e
26ca8935c13ed6.jpg,938b7e931166
2700d83d79208d.jpg,19fbb960f07d
2710513ad93604.jpg,9e89f8e28807
2711bde899613a.jpg,f195c38bcf17
2723276b1b41b5.jpg,281504409737
27457fbed2be41.jpg,9e89f8e28807
2761c5ae18466d.jpg,600ab1de92d9
27a765c3c9e260.jpg,bc1eb2241633
27e9ae7839ff8c.jpg,ffbb4e585ff2
27ecd9ea347eb4.jpg,114207cab555
27eedfdeca8541.jpg,938b7e931166
280d69d25f4cd1.jpg,19fbb960f07d
28102225fcebc1.jpg,a6e325d8e924
2816072b43f00e.jpg,f195c38bcf17
281f49bcdf55b3.jpg,956562ff2888
2825322f78db2c.jpg,c995c043c353
2826ceaa9e54a9.jpg,114207cab555
284acc8ea15846.jpg,19fbb960f07d
2864ad9b304123.jpg,bc1eb2241633
286558b8a9a442.jpg,f195c38bcf17
286cca252817a5.jpg,600ab1de92d9
287f766c9c379f.jpg,9e89f8e28807
28857c967d62c7.jpg,c995c043c353
2886e5346729e9.jpg,a6e325d8e924
28955d03dbd76b.jpg,4b8534134eb8
28c85429214706.jpg,938b7e931166
28d2312dcb9e98.jpg,4b8534134eb8
28db87efdc259a.jpg,208b91b1ca2b
28dee6dd8d25b8.jpg,208b91b1ca2b
28dffa651b3023.jpg,208b91b1ca2b
28f19903424568.jpg,b9907151f66e
28f395925fb52e.jpg,281504409737
29192543d18c95.jpg,ffbb4e585ff2
29329ae255c3ca.jpg,4b8534134eb8
2939c980223326.jpg,c27db73f0e3b
2955110d9737ae.jpg,ffbb4e585ff2
29bc934bd55784.jpg,281504409737
29c89f1c35bc53.jpg,e69d5f9f8d1e
29da5f8f6118c4.jpg,f195c38bcf17
29f1b403b85113.jpg,ce6e37904aa4
2a03fa841bf80f.jpg,114207cab555
2a68159aad14dd.jpg,4b8534134eb8
2aa37ec2895b49.jpg,e69d5f9f8d1e
2aa7b2190d3a93.jpg,b9907151f66e
2abbae26f3df8e.jpg,19fbb960f07d
2ad249f721eb2e.jpg,208b91b1ca2b
2ae1eabc913525.jpg,4b8534134eb8
2ae535c967e4d6.jpg,956562ff2888
2af7b71fbbd502.jpg,9e89f8e28807
2b0016938a5874.jpg,114207cab555
2b0a3771676189.jpg,ffbb4e585ff2
2b13a3885ccff7.jpg,4b8534134eb8
2b3410237d6ebf.jpg,f195c38bcf17
2b3fd9ddf595bb.jpg,ce6e37904aa4
2b423cdf4cce6a.jpg,600ab1de92d9
2b56f999fd1c2d.jpg,9e89f8e28807
2b68fbf8b5749b.jpg,a6e325d8e924
2b8827f2050019.jpg,bc1eb2241633
2b94e8827d4212.jpg,ce6e37904aa4
2ba2f26602aa01.jpg,bc1eb2241633
2babf4454017be.jpg,9e89f8e28807
2bc7b3fe9baa81.jpg,114207cab555
2bd3a4a2c66aca.jpg,600ab1de92d9
2c155dcd59e08d.jpg,ffbb4e585ff2
2c18ff8155a885.jpg,bc1eb2241633
2c1c6a92db361d.jpg,208b91b1ca2b
2c2a30e90ce9bb.jpg,a6e325d8e924
2c5b1a1542c8ca.jpg,ffbb4e585ff2
2c77f94a9e20ca.jpg,bc1eb2241633
2cb5c508cefa81.jpg,c27db73f0e3b
2cc57177febe94.jpg,600ab1de92d9
2cd481f29a71f8.jpg,600ab1de92d9
2cfd2066e9df1c.jpg,e69d5f9f8d1e
2cfe19e9ca6231.jpg,956562ff2888
2d1306d5d364e9.jpg,19fbb960f07d
2d6adc976c4999.jpg,c995c043c353
2d9f92e043e371.jpg,19fbb960f07d
2da319b191107d.jpg,281504409737
2db8afb0d4f1a3.jpg,9e89f8e28807
2dba78682f74dd.jpg,a6e325d8e924
2dd19b8561d89d.jpg,a6e325d8e924
2de14d07af64d8.jpg,ce6e37904aa4
2de8b72542919a.jpg,f195c38bcf17
2e02094df78286.jpg,e69d5f9f8d1e
2e0383676a1297.jpg,02da0e68dccd
2e2c1b80b2cbfa.jpg,19fbb960f07d
2e39b204a237d9.jpg,9e89f8e28807
2e48644025b929.jpg,9e89f8e28807
2e7d0f5f491c67.jpg,ffbb4e585ff2
2f1a349ac7a28d.jpg,956562ff2888
2f2c55c36c892f.jpg,208b91b1ca2b
2f4a92fe4b121d.jpg,a6e325d8e924
2f59016526c14e.jpg,956562ff2888
2f6158c21077bb.jpg,02da0e68dccd
2f9486117f4c64.jpg,19fbb960f07d
2f96da54492da8.jpg,ffbb4e585ff2
2f99e2a2a22a0d.jpg,c27db73f0e3b
2fadcfba2ad033.jpg,281504409737
2fc5b8fa9f6265.jpg,281504409737
2fed5cca1f2947.jpg,ffbb4e585ff2
30130d04ac11f6.jpg,ce6e37904aa4
3013ff34425f39.jpg,c995c043c353
301b89388c0e68.jpg,a6e325d8e924
301d9d28873466.jpg,ce6e37904aa4
3022a3c9dc8de3.jpg,ce6e37904aa4
3038c78a332e79.jpg,9e89f8e28807
304167ad22ca3a.jpg,c27db73f0e3b
306ef9cfdb9e11.jpg,9e89f8e28807
3081edf33c779b.jpg,02da0e68dccd
3085d3462eeebe.jpg,ce6e37904aa4
30d0f7a48514f5.jpg,ce6e37904aa4
30dd987a22f63a.jpg,114207cab555
30fdb88c3b0b2a.jpg,600ab1de92d9
31244296aa562e.jpg,938b7e931166
3127094e0fcdf1.jpg,19fbb960f07d
313325fb266949.jpg,a6e325d8e924
314ffc35813e61.jpg,c995c043c353
315f2f6715866b.jpg,bc1eb2241633
31747777993e23.jpg,19fbb960f07d
3180291401f5b2.jpg,208b91b1ca2b
31a6610f4566d7.jpg,ce6e37904aa4
31c6d3edc02815.jpg,f195c38bcf17
31cbe7ce5a3b15.jpg,c27db73f0e3b
31e03bddbb3e2c.jpg,956562ff2888
31f7cfa75c36d1.jpg,f195c38bcf17
31fe85c3f22024.jpg,114207cab555
320d98829c4ce0.jpg,ffbb4e585ff2
3217d4d6340db3.jpg,114207cab555
3219b920452f11.jpg,f195c38bcf17
323ca1a484f7c3.jpg,c27db73f0e3b
323dbf6891437b.jpg,c27db73f0e3b
326c5ea726ecce.jpg,a6e325d8e924
327e5c89f63f1b.jpg,b9907151f66e
328a5b06d3b855.jpg,f195c38bcf17
328c21f8487178.jpg,19fbb960f07d
3325c3b0342c11.jpg,c995c043c353
334b4e4c99bb0e.jpg,c27db73f0e3b
338f7f730a26ce.jpg,19fbb960f07d
339207995ed356.jpg,208b91b1ca2b
3393c040ddf87f.jpg,ce6e37904aa4
33c90b8f273712.jpg,9e89f8e28807
33cfd69913af55.jpg,600ab1de92d9
33eac61f642b21.jpg,c995c043c353
33f17966cf84e3.jpg,ffbb4e585ff2
33f195de48f0d1.jpg,208b91b1ca2b
3443f107f88da4.jpg,9e89f8e28807
3459592f515d21.jpg,114207cab555
3461bd983b064a.jpg,f195c38bcf17
346994426660de.jpg,bc1eb2241633
346b6df3192de7.jpg,e69d5f9f8d1e
348fa226f54e05.jpg,938b7e931166
34a68355fcca8e.jpg,b9907151f66e
34d7ad0d20a03d.jpg,ffbb4e585ff2
34f790c2b4029a.jpg,a6e325d8e924
350355db71d5ca.jpg,bc1eb2241633
3543e90c070ea6.jpg,02da0e68dccd
35610cea64dc83.jpg,938b7e931166
35c41531e20649.jpg,4b8534134eb8
35e4f2c45288c3.jpg,bc1eb2241633
35ffa3caf6c5f5.jpg,114207cab555
360f294366b6e6.jpg,208b91b1ca2b
36158046be4831.jpg,938b7e931166
3658267fa39743.jpg,9e89f8e28807
365ff9d2e1b72f.jpg,c995c043c353
3686e8c9f063e5.jpg,208b91b1ca2b
3701f2bdfd6566.jpg,114207cab555
3705346a601f36.jpg,e69d5f9f8d1e
37108d9ca9bb34.jpg,b9907151f66e
3717b528b16a03.jpg,956562ff2888
372c020a429fe0.jpg,ce6e37904aa4
37328da37c925b.jpg,02da0e68dccd
3750af0b74d02e.jpg,c995c043c353
37a730dbdc13b2.jpg,956562ff2888
37a822e3aa79d7.jpg,208b91b1ca2b
37b7ef237bed4e.jpg,ce6e37904aa4
37e0c254b7477a.jpg,9e89f8e28807
3811cda0b034e7.jpg,281504409737
382c141efd7382.jpg,f195c38bcf17
382e505135f38b.jpg,ffbb4e585ff2
387d15fc763914.jpg,ffbb4e585ff2
388adfbcc49415.jpg,ce6e37904aa4
38acd7d00ab9a4.jpg,19fbb960f07d
38cef9fc4e9adc.jpg,bc1eb2241633
38d8f96b0a649f.jpg,a6e325d8e924
38e1281ef5f603.jpg,4b8534134eb8
38e4def7c48c3b.jpg,114207cab555
3906ee5b3d4704.jpg,bc1eb2241633
39252dcf772826.jpg,c995c043c353
3933d1bc5e2ba7.jpg,208b91b1ca2b
393db05147c81b.jpg,e69d5f9f8d1e
394bc99efb3361.jpg,e69d5f9f8d1e
397164f0eda796.jpg,956562ff2888
39847d00c1bad9.jpg,e69d5f9f8d1e
39866787bf7b68.jpg,ffbb4e585ff2
39e7c8cac2f84a.jpg,19fbb960f07d
39f0cad1b41445.jpg,bc1eb2241633
39f9a05d5b9838.jpg,281504409737
39fda15aff5aaa.jpg,114207cab555
3a0d31a067dace.jpg,114207cab555
3a1e8f7cf6cd1d.jpg,114207cab555
3a26e6c7cd80cc.jpg,938b7e931166
3a2ffbc69e1885.jpg,02da0e68dccd
3a3b964b5e9389.jpg,ce6e37904aa4
3a44039e60d169.jpg,956562ff2888
3a5b5db84f6268.jpg,ce6e37904aa4
3a6983da29fddb.jpg,ffbb4e585ff2
3a6bb124030549.jpg,c27db73f0e3b
3a6f100c9210b0.jpg,281504409737
3a71c48e56db52.jpg,114207cab555
3a8427f9536acf.jpg,f195c38bcf17
3aac8a3ba1e4b2.jpg,4b8534134eb8
3ab64cc0a8f224.jpg,bc1eb2241633
3ab6b2a993c8ec.jpg,208b91b1ca2b
3abf32294cb942.jpg,02da0e68dccd
3ac0beaa2cac6e.jpg,956562ff2888
3ac8ff5145b027.jpg,ffbb4e585ff2
3acaa930b2d037.jpg,bc1eb2241633
3acbd059b3ac38.jpg,c995c043c353
3ad7ef8cebb1b0.jpg,ce6e37904aa4
3adf05fb0dc178.jpg,f195c38bcf17
3aeaabcda000a5.jpg,114207cab555
3b14f8be9498e9.jpg,ffbb4e585ff2
3b2288fc4de707.jpg,b9907151f66e
3b2b6cc08d04a4.jpg,4b8534134eb8
3b319a81a935fb.jpg,bc1eb2241633
3b3408a23dbe4e.jpg,02da0e68dccd
3b63ad88d05096.jpg,9e89f8e28807
3b7c9e70be0644.jpg,bc1eb2241633
3bca4a19f8be36.jpg,02da0e68dccd
3c071641f8d685.jpg,114207cab555
3c07fd5b006a36.jpg,c995c043c353
3c149618587a50.jpg,c995c043c353
3c52f045c1adc2.jpg,9e89f8e28807
3c54d7eff41749.jpg,c995c043c353
3c74e6e93121f7.jpg,281504409737
3c81897ff30de8.jpg,114207cab555
3c8ced7b57941b.jpg,938b7e931166
3c9c303e83e11f.jpg,19fbb960f07d
3cab56b04c21a9.jpg,281504409737
3cb3098aee06f3.jpg,19fbb960f07d
3ccba24c9ca27e.jpg,281504409737
3cd1281c063f98.jpg,114207cab555
3ce30aaf11971e.jpg,f195c38bcf17
3d062b989a8eba.jpg,114207cab555
3d0baf32e17119.jpg,a6e325d8e924
3d1c48414b1a7f.jpg,9e89f8e28807
3d37dee7b214fa.jpg,938b7e931166
3d4314898acd1e.jpg,f195c38bcf17
3dc9bab0988a88.jpg,e69d5f9f8d1e
3dcea1854cc473.jpg,a6e325d8e924
3e1436dd8c8414.jpg,4b8534134eb8
3e35d5d368aae5.jpg,938b7e931166
3e4dfc9f2d961a.jpg,c995c043c353
3e5ad612d582e8.jpg,19fbb960f07d
3e5bcbdecd808d.jpg,ffbb4e585ff2
3e6e16d92281ac.jpg,c27db73f0e3b
3e8118ab1a44e0.jpg,bc1eb2241633
3e8ca1bc828ee0.jpg,b9907151f66e
3e98d263fc48c8.jpg,bc1eb2241633
3ea64a0a64b897.jpg,4b8534134eb8
3eadbcda3b03fd.jpg,02da0e68dccd
3eaf9df016734b.jpg,9e89f8e28807
3ebdb0d58275ff.jpg,f195c38bcf17
3ee7fb1794bf0f.jpg,114207cab555
3ee99574ce2c79.jpg,9e89f8e28807
3efc38eb9f7543.jpg,19fbb960f07d
3f0133e4cb1864.jpg,ffbb4e585ff2
3f056944c2fabd.jpg,f195c38bcf17
3f409e50d7f41b.jpg,938b7e931166
3f7b566cc9d1cb.jpg,956562ff2888
3f8bb023c45b5d.jpg,f195c38bcf17
3f9615a178d883.jpg,bc1eb2241633
3fa7627305af57.jpg,956562ff2888
3fbb802b15a661.jpg,19fbb960f07d
3fbbab5ab04376.jpg,e69d5f9f8d1e
3fd92b27446cdc.jpg,b9907151f66e
3fea89c47202e3.jpg,114207cab555
3fea9cf4a140ea.jpg,114207cab555
3fec3ca369738d.jpg,02da0e68dccd
3ff384ba48bb63.jpg,208b91b1ca2b
40342ea1406aef.jpg,c995c043c353
4039f631507244.jpg,9e89f8e28807
40827b038e5fd8.jpg,e69d5f9f8d1e
40a1d7a954483f.jpg,c995c043c353
40bb783a6f36f7.jpg,f195c38bcf17
40bd6232b8dde9.jpg,c27db73f0e3b
40e965b0167fdc.jpg,c995c043c353
40faad0ec89ce4.jpg,c27db73f0e3b
4113817c3087f1.jpg,e69d5f9f8d1e
414cb4938124d6.jpg,c995c043c353
4151d4c9b34d6f.jpg,4b8534134eb8
416329e9b842f0.jpg,bc1eb2241633
4166d45cb973d8.jpg,4b8534134eb8
417155f99fe562.jpg,600ab1de92d9
419d0f2c4d706c.jpg,02da0e68dccd
41adf60a4c68fb.jpg,c27db73f0e3b
41c55409305048.jpg,c995c043c353
41c6c01551e359.jpg,281504409737
41d9eb981ffdc5.jpg,c995c043c353
41df40873cc264.jpg,bc1eb2241633
420044c82d5995.jpg,02da0e68dccd
421caa2eb1476e.jpg,114207cab555
42213892723b47.jpg,02da0e68dccd
422d5673836319.jpg,02da0e68dccd
423c830f898d89.jpg,938b7e931166
42560f15afa769.jpg,281504409737
428ba74517a3f6.jpg,9e89f8e28807
4294a1d58c9aa1.jpg,19fbb960f07d
42955e380ddb9c.jpg,bc1eb2241633
429d9ae3ea8f8b.jpg,114207cab555
42bf51606f7686.jpg,c27db73f0e3b
42d311e2ffbc52.jpg,600ab1de92d9
42d3b6af274bb1.jpg,c995c043c353
432a6305866090.jpg,a6e325d8e924
432d4aad18ff7c.jpg,4b8534134eb8
433afe54c87a7b.jpg,ce6e37904aa4
4356cf9b8c55b3.jpg,19fbb960f07d
436332a7970afa.jpg,600ab1de92d9
4390f15cf8aa98.jpg,4b8534134eb8
43a183c1b91cd7.jpg,c995c043c353
43b75ee4cd6d4d.jpg,208b91b1ca2b
43eb7c6f897c73.jpg,ffbb4e585ff2
43f0c95b3479e6.jpg,9e89f8e28807
43f41e8a5d9c45.jpg,02da0e68dccd
440e93f5b59f4e.jpg,f195c38bcf17
44359b2032a45a.jpg,c995c043c353
44460f3a1e21a5.jpg,ce6e37904aa4
446a5d0a58f631.jpg,a6e325d8e924
448fb4f065d1d9.jpg,c995c043c353
44db085cd857c4.jpg,956562ff2888
44f57b0d5ac6df.jpg,b9907151f66e
450d3032da2f3f.jpg,9e89f8e28807
452c33bc16ac98.jpg,938b7e931166
455d4d6e3720c5.jpg,02da0e68dccd
4564aa44ac70c6.jpg,e69d5f9f8d1e
457a0454fc23fd.jpg,b9907151f66e
45a0e88bb5cf0a.jpg,ffbb4e585ff2
45a807ef861a46.jpg,f195c38bcf17
45a83d599057ae.jpg,bc1eb2241633
45dc4dc9fc44a4.jpg,114207cab555
45e483877a7bc7.jpg,b9907151f66e
45ecbcd1ca1c75.jpg,a6e325d8e924
465e4794777c62.jpg,f195c38bcf17
466ce0341ee796.jpg,e69d5f9f8d1e
46778366a9e959.jpg,bc1eb2241633
467c67e6d00683.jpg,114207cab555
4689b39611e742.jpg,b9907151f66e
4694d13c09cd8d.jpg,956562ff2888
46b81297dde289.jpg,ffbb4e585ff2
46c3c31b36ab76.jpg,ffbb4e585ff2
473dc1565fce5d.jpg,c995c043c353
47432842973ac2.jpg,bc1eb2241633
474f99ba43a43a.jpg,ffbb4e585ff2
475c09d1209a4c.jpg,e69d5f9f8d1e
47c11584896d2b.jpg,bc1eb2241633
47d086bf382e04.jpg,b9907151f66e
47fe3e9c6a29dd.jpg,e69d5f9f8d1e
48513aa6d6b0ee.jpg,938b7e931166
486a7a8dc7ded7.jpg,bc1eb2241633
487c9dea08be4c.jpg,ffbb4e585ff2
48876f82b0831f.jpg,c995c043c353
48b4548251c50d.jpg,b9907151f66e
4911c61bbd87a6.jpg,c995c043c353
492ea62f32b1db.jpg,b9907151f66e
4940853853e754.jpg,02da0e68dccd
49805d9dac9e10.jpg,ce6e37904aa4
49b24c6473b569.jpg,bc1eb2241633
49b459b3ebbb40.jpg,4b8534134eb8
49d9cb86bd3743.jpg,bc1eb2241633
49da0a5a1811cf.jpg,e69d5f9f8d1e
4a01a2270f48d3.jpg,ffbb4e585ff2
4a1ffb375ad8c0.jpg,c995c043c353
4a274b837a1624.jpg,208b91b1ca2b
4a60e0717cc848.jpg,c27db73f0e3b
4a86740fe131ea.jpg,938b7e931166
4a91e8329b153f.jpg,02da0e68dccd
4a9703ebb48427.jpg,114207cab555
4a98118fa6da53.jpg,02da0e68dccd
4a9bb637b05131.jpg,e69d5f9f8d1e
4abbe4b926a994.jpg,c27db73f0e3b
4adb34c9f40561.jpg,02da0e68dccd
4af6a9f09132ad.jpg,b9907151f66e
4b63f70f0a57a9.jpg,c995c043c353
4bcbde4fbf3418.jpg,956562ff2888
4bcc90640b7a92.jpg,e69d5f9f8d1e
4be4bb2942550c.jpg,600ab1de92d9
4bf4fc342557a7.jpg,ce6e37904aa4
4bf62fa388d80f.jpg,600ab1de92d9
4c050df7b6c088.jpg,208b91b1ca2b
4c091db6af636f.jpg,114207cab555
4c513ab0853881.jpg,600ab1de92d9
4d0235f2245467.jpg,c27db73f0e3b
4d47edcf957073.jpg,c995c043c353
4d4cecb138c720.jpg,956562ff2888
4d57a79504fe4b.jpg,bc1eb2241633
4d6bf28fa040ab.jpg,bc1eb2241633
4dc862e302bc01.jpg,4b8534134eb8
4dcd6b4b8e169a.jpg,281504409737
4dd02343bdff6b.jpg,b9907151f66e
4dd052468b2434.jpg,ce6e37904aa4
4dec3a7615394d.jpg,b9907151f66e
4e0a7e49d5ba97.jpg,c995c043c353
4e3b39ff98063b.jpg,c995c043c353
4e5c46c9973fb2.jpg,c27db73f0e3b
4e8aaec1f0841d.jpg,281504409737
4e8b77655e5cf4.jpg,600ab1de92d9
4e98bae4d656e2.jpg,208b91b1ca2b
4ea96b8ec62d5f.jpg,e69d5f9f8d1e
4eb0b7a5bb174a.jpg,02da0e68dccd
4eb7b4ac628507.jpg,b9907151f66e
4f0f5573ae1608.jpg,02da0e68dccd
4f1db1f842b129.jpg,b9907151f66e
4f5598d3179d3b.jpg,e69d5f9f8d1e
4f91f9a251fed2.jpg,600ab1de92d9
4ffc4594d16f07.jpg,4b8534134eb8
500aa412d3c5f9.jpg,19fbb960f07d
502abb4315ec2a.jpg,956562ff2888
504072ea10ec42.jpg,c27db73f0e3b
50ffdc4d87f850.jpg,938b7e931166
5110d90b4afcb7.jpg,b9907151f66e
5128e8a600db2d.jpg,4b8534134eb8
51350d08af5043.jpg,c27db73f0e3b
5166ca45dd23a2.jpg,b9907151f66e
517b1656f34a8b.jpg,281504409737
519f0ba77c5d82.jpg,ce6e37904aa4
51dfde55ca4c3d.jpg,4b8534134eb8
51ec9a596fe818.jpg,600ab1de92d9
5239583b2085c0.jpg,c995c043c353
52abf616b89990.jpg,c27db73f0e3b
52afffc1e9525b.jpg,02da0e68dccd
5368f465760d02.jpg,600ab1de92d9
538bb9b80d2b96.jpg,281504409737
54366f2466145a.jpg,bc1eb2241633
5510de9f7eebf8.jpg,208b91b1ca2b
554cf5e7b0a76f.jpg,600ab1de92d9
5574e54e5e764b.jpg,ce6e37904aa4
558cdb9f242144.jpg,956562ff2888
558e2dae186fea.jpg,938b7e931166
55b1538f6d359f.jpg,208b91b1ca2b
55f322d09751a1.jpg,208b91b1ca2b
56028dd4126817.jpg,4b8534134eb8
5603eac3cbc7b7.jpg,956562ff2888
56051183297eaa.jpg,bc1eb2241633
5628dc6f5e2311.jpg,938b7e931166
5628e8cf386b71.jpg,c27db73f0e3b
5637ee9d2ab7de.jpg,c27db73f0e3b
565a4d508e6b2b.jpg,bc1eb2241633
5662e695b764cb.jpg,208b91b1ca2b
56695ed94bccb6.jpg,4b8534134eb8
566b5cdce0ce5e.jpg,208b91b1ca2b
567dafd9da9bab.jpg,600ab1de92d9
56b01ef13ad24e.jpg,956562ff2888
56c61ec84df77d.jpg,956562ff2888
56e9d18eb91cef.jpg,ce6e37904aa4
57014a9bf99e63.jpg,ce6e37904aa4
5742020d972a1c.jpg,938b7e931166
575f6c7d10203b.jpg,938b7e931166
57693b9c376a7f.jpg,938b7e931166
57f342cc3c90ad.jpg,956562ff2888
580894fabe2009.jpg,ce6e37904aa4
58a39a1ff1db62.jpg,c27db73f0e3b
59230e0edb0167.jpg,600ab1de92d9
5924ac66626b2b.jpg,208b91b1ca2b
593e4c1d710485.jpg,4b8534134eb8
5946f42be1ab9c.jpg,956562ff2888
597ea1d94ca1b9.jpg,ce6e37904aa4
59d4e6a01e1284.jpg,956562ff2888
5a1aaeb6ca5c1f.jpg,c27db73f0e3b
5a5d1b59be84f8.jpg,208b91b1ca2b
5aa1c59a68bea6.jpg,c27db73f0e3b
5abbd7d235f5a0.jpg,956562ff2888
5ada98bd742c70.jpg,281504409737
5aec07c8cb1a3a.jpg,4b8534134eb8
5af9b2038fd526.jpg,4b8534134eb8
5becc02d35f5ec.jpg,600ab1de92d9
5bf67997940ebf.jpg,ce6e37904aa4
5c208aaa250aa5.jpg,956562ff2888
5c2468dec7f9a7.jpg,281504409737
5c3580d5371c22.jpg,956562ff2888
5c4e33abab45d4.jpg,956562ff2888
5c50faff6017c2.jpg,956562ff2888
5c882a279fae36.jpg,281504409737
5cc5ce05ccb163.jpg,4b8534134eb8
5ce6056526f55f.jpg,ce6e37904aa4
5cf0bbbd03dfd2.jpg,4b8534134eb8
5d14f6d419f1a1.jpg,ce6e37904aa4
5d1dc52b383665.jpg,281504409737
5d7c41c2700999.jpg,ce6e37904aa4
5d9f5e86639f89.jpg,c27db73f0e3b
5dbc7479ad8db0.jpg,600ab1de92d9
5e0a185afe5a1f.jpg,600ab1de92d9
5e334d096b864e.jpg,956562ff2888
5f1f28b1acc06c.jpg,c27db73f0e3b
5f208922ca6dd0.jpg,208b91b1ca2b
5f4d473d9048a5.jpg,938b7e931166
5f8c0407207832.jpg,4b8534134eb8
5f8e059748a155.jpg,600ab1de92d9
5fab532096e777.jpg,938b7e931166
5fb9ca06153922.jpg,208b91b1ca2b
5fe03dd710ba30.jpg,4b8534134eb8
6026bae6b1eca2.jpg,281504409737
602ce4353afcae.jpg,281504409737
6045cfe2526af1.jpg,281504409737
616c63804d44f1.jpg,281504409737
62109dee833e90.jpg,281504409737
627f78633a06ef.jpg,281504409737
62977c219a3dad.jpg,600ab1de92d9
62f7cc6f1a2eeb.jpg,938b7e931166
63553c664da2fa.jpg,208b91b1ca2b
635df1a054f835.jpg,938b7e931166
63fe4b92bdb7fc.jpg,281504409737
6438546f56b374.jpg,4b8534134eb8
64481cd7fa61fc.jpg,956562ff2888
6555b89ce780e4.jpg,956562ff2888
65f339d72273a4.jpg,208b91b1ca2b
6666bafa609415.jpg,956562ff2888
6683d80c1959e3.jpg,4b8534134eb8
66c9f47ff60e2c.jpg,281504409737
67a725bd025cce.jpg,600ab1de92d9
67b445e4b2a476.jpg,4b8534134eb8
6829b0d9fffc42.jpg,600ab1de92d9
698476d00e739c.jpg,4b8534134eb8
6993c5c0781ad8.jpg,208b91b1ca2b
69db1b3bc9823c.jpg,281504409737
6a410371166006.jpg,956562ff2888
6a9f858cbed391.jpg,600ab1de92d9
6ab3eb0abe919a.jpg,956562ff2888
6af83c159c788b.jpg,938b7e931166
6b008354208b7f.jpg,600ab1de92d9
6b1d1e95a49a4e.jpg,956562ff2888
6b7d734a928d0f.jpg,208b91b1ca2b
6bd37d38afaeba.jpg,938b7e931166
6c4bda136f138c.jpg,281504409737
6c8a0e339d81d0.jpg,208b91b1ca2b
6d1aea1ed4ddcb.jpg,208b91b1ca2b
6d7558542ef560.jpg,956562ff2888
6d7f192dff87d8.jpg,281504409737
6e0512946bc9d7.jpg,208b91b1ca2b
6e17754274a463.jpg,600ab1de92d9
6e9096f74d6582.jpg,281504409737
7058901b620632.jpg,600ab1de92d9
70e61738da0954.jpg,600ab1de92d9
71f52ecb506c3d.jpg,600ab1de92d9
